https://programs.usask.ca/arts-and-science/aboriginal-public-administration/ba-honours-aboriginal-public-administration.php
https://programs.usask.ca/arts-and-science/aboriginal-public-administration/ba-4-aboriginal-public-administration.php
https://programs.usask.ca/arts-and-science/anatomy-and-cell-biology/../biochemistry/index.php
https://programs.usask.ca/arts-and-science/anatomy-and-cell-biology/../microbiology-immunology/index.php
https://programs.usask.ca/arts-and-science/anatomy-and-cell-biology/../physiology-and-pharmacology/index.php
https://programs.usask.ca/arts-and-science/archaeology/bsc-honours-archaeology.php
https://programs.usask.ca/arts-and-science/archaeology/bsc-4-archaeology.php
https://programs.usask.ca/arts-and-science/archaeology/bsc-double-honours-archaeology-1.php
https://programs.usask.ca/arts-and-science/archaeology/bsc-double-honours-archaeology-2.php
https://programs.usask.ca/arts-and-science/archaeology-and-anthropology/ba-honours-arch-and-anth.php
https://programs.usask.ca/arts-and-science/archaeology-and-anthropology/ba-4-arch-and-anth.php
https://programs.usask.ca/arts-and-science/archaeology-and-anthropology/ba-3-arch-and-anth.php
https://programs.usask.ca/arts-and-science/applied-mathematics/bsc-honours-applied-mathematics.php
https://programs.usask.ca/arts-and-science/applied-mathematics/bsc-4-applied-mathematics.php
https://programs.usask.ca/arts-and-science/applied-mathematics/bsc-3-applied-mathematics.php
https://programs.usask.ca/arts-and-science/applied-mathematics/minor-applied-mathematics.php
https://programs.usask.ca/arts-and-science/art-history/ba-honours-art-history.php
https://programs.usask.ca/arts-and-science/art-history/ba-4-art-history.php
https://programs.usask.ca/arts-and-science/art-history/ba-3-art-history.php
https://programs.usask.ca/arts-and-science/art-history/ba-double-honours-art-history-1.php
https://programs.usask.ca/arts-and-science/art-history/ba-double-honours-art-history-2.php
https://programs.usask.ca/arts-and-science/art-history/ba-double-honours-art-history-studio-art.php
https://programs.usask.ca/arts-and-science/art-history/minor-studio-art-art-history-majors.php
https://programs.usask.ca/arts-and-science/astronomy/index.php
https://programs.usask.ca/arts-and-science/biochemistry/bsc-honours-biochemistry.php
https://programs.usask.ca/arts-and-science/biochemistry/bsc-4-biochemistry.php
https://programs.usask.ca/arts-and-science/biochemistry/bsc-3-biochemistry.php
https://programs.usask.ca/arts-and-science/biochemistry/bsc-double-honours-biochemistry-acb-1-2.php
https://programs.usask.ca/arts-and-science/biochemistry/bsc-double-honours-biochemistry-biology-1-2.php
https://programs.usask.ca/arts-and-science/biochemistry/bsc-double-honours-biochemistry-microbiology-immunology-1-2.php
https://programs.usask.ca/arts-and-science/biochemistry/bsc-double-honours-biochemistry-physics-1-2.php
https://programs.usask.ca/arts-and-science/bioinformatics/bsc-honours-bioinformatics.php
https://programs.usask.ca/arts-and-science/bioinformatics/bsc-4-bioinformatics.php
https://programs.usask.ca/arts-and-science/bioinformatics/professional-internship-option-binf.php
https://programs.usask.ca/arts-and-science/biology/bsc-honours-biology.php
https://programs.usask.ca/arts-and-science/biology/bsc-4-biology.php
https://programs.usask.ca/arts-and-science/biology/bsc-3-biology.php
https://programs.usask.ca/arts-and-science/biology/bsc-double-honours-biology-1.php
https://programs.usask.ca/arts-and-science/biology/bsc-double-honours-biology-and-biochem-1-2.php
https://programs.usask.ca/arts-and-science/biology/minor-biology.php
https://programs.usask.ca/arts-and-science/business-economics/ba-honours-business-economics.php
https://programs.usask.ca/arts-and-science/business-economics/ba-4-business-economics.php
https://programs.usask.ca/arts-and-science/business-economics/minor-statistics.php
https://programs.usask.ca/arts-and-science/chemistry/bsc-honours-chemistry.php
https://programs.usask.ca/arts-and-science/chemistry/bsc-4-chemistry.php
https://programs.usask.ca/arts-and-science/chemistry/bsc-3-chemistry.php
https://programs.usask.ca/arts-and-science/chemistry/bsc-double-honours-chemistry-major-1.php
https://programs.usask.ca/arts-and-science/chemistry/double honours - chemistry - major 2.php
https://programs.usask.ca/arts-and-science/chemistry/minor-chemistry.php
https://programs.usask.ca/arts-and-science/classical-medieval-and-renaissance-studies/ba-honours-cmrs.php
https://programs.usask.ca/arts-and-science/classical-medieval-and-renaissance-studies/ba-4-cmrs.php
https://programs.usask.ca/arts-and-science/classical-medieval-and-renaissance-studies/ba-double-honours-cmrs-1.php
https://programs.usask.ca/arts-and-science/classical-medieval-and-renaissance-studies/ba-double-honours-cmrs-2.php
https://programs.usask.ca/arts-and-science/classical-medieval-and-renaissance-studies/minor-cmrs.php
https://programs.usask.ca/arts-and-science/computer-science/bsc-honours-computer-science.php
https://programs.usask.ca/arts-and-science/computer-science/bsc-honours-software-computer-science.php
https://programs.usask.ca/arts-and-science/computer-science/bsc-4-computer-science.php
https://programs.usask.ca/arts-and-science/computer-science/bsc-3-computer-science.php
https://programs.usask.ca/arts-and-science/computer-science/bsc-double-honours-computer-science-major-1.php
https://programs.usask.ca/arts-and-science/computer-science/bsc-double-honours-computer-science-major-2.php
https://programs.usask.ca/arts-and-science/computer-science/minor- computer-science.php
https://programs.usask.ca/arts-and-science/computer-science/professional-internship-option-cmpt.php
https://programs.usask.ca/arts-and-science/drama/bfa-honours-drama.php
https://programs.usask.ca/arts-and-science/drama/ba-honours-drama.php
https://programs.usask.ca/arts-and-science/drama/ba-4-drama.php
https://programs.usask.ca/arts-and-science/drama/ba-3-drama.php
https://programs.usask.ca/arts-and-science/drama/ba-double-honours-drama-1.php
https://programs.usask.ca/arts-and-science/drama/ba-double-honours-drama-2.php
https://programs.usask.ca/arts-and-science/economics/ba-honours-economics.php
https://programs.usask.ca/arts-and-science/economics/ba-4-economics.php
https://programs.usask.ca/arts-and-science/economics/ba-3-economics.php
https://programs.usask.ca/arts-and-science/economics/ba-double-honours-economics-1.php
https://programs.usask.ca/arts-and-science/economics/ba-double-honours-economics-2.php
https://programs.usask.ca/arts-and-science/economics/post-degree-specialization-certificate-economics.php
https://programs.usask.ca/arts-and-science/economics/minor-economics.php
https://programs.usask.ca/arts-and-science/economics/minor-statistics.php
https://programs.usask.ca/arts-and-science/english/ba-honours-english.php
https://programs.usask.ca/arts-and-science/english/ba-4-english.php
https://programs.usask.ca/arts-and-science/english/ba-3-english.php
https://programs.usask.ca/arts-and-science/english/ba-double-honours-english-1.php
https://programs.usask.ca/arts-and-science/english/ba-double-honours-english-2.php
https://programs.usask.ca/arts-and-science/english/minor-english.php
https://programs.usask.ca/arts-and-science/environment-and-society/basc-honours-environment-society.php
https://programs.usask.ca/arts-and-science/environment-and-society/basc-4-environment-society.php
https://programs.usask.ca/arts-and-science/environment-and-society/environment-and-society-co-operative-education-option.php
https://programs.usask.ca/arts-and-science/environmental-biology/bsc-honours-environmental-biology.php
https://programs.usask.ca/arts-and-science/environmental-biology/bsc-4-environmental-biology.php
https://programs.usask.ca/arts-and-science/environmental-earth-sciences/bsc-honours-enviro-earth-sci.php
https://programs.usask.ca/arts-and-science/environmental-earth-sciences/bsc-4-enviro-earth-sci.php
https://programs.usask.ca/arts-and-science/environmental-earth-sciences/co-op-ed-option-enviro-earth-sci.php
https://programs.usask.ca/arts-and-science/food-science/bsc-honours-food-science.php
https://programs.usask.ca/arts-and-science/food-science/bsc-4-food-science.php
https://programs.usask.ca/arts-and-science/french/ba-honours-french.php
https://programs.usask.ca/arts-and-science/french/ba-4-french.php
https://programs.usask.ca/arts-and-science/french/ba-3-french.php
https://programs.usask.ca/arts-and-science/french/ba-double-honours-french-1.php
https://programs.usask.ca/arts-and-science/french/ba-double-honours-french-2.php
https://programs.usask.ca/arts-and-science/french/minor-french.php
https://programs.usask.ca/arts-and-science/french/recognition-in-french.php
https://programs.usask.ca/arts-and-science/geology/bsc-honours-geology.php
https://programs.usask.ca/arts-and-science/geology/bsc-4-geology.php
https://programs.usask.ca/arts-and-science/geology/bsc-3-geology.php
https://programs.usask.ca/arts-and-science/geology/minor-geology.php
https://programs.usask.ca/arts-and-science/geophysics/bsc-honours-geophysics.php
https://programs.usask.ca/arts-and-science/geophysics/bsc-4-geophysics.php
https://programs.usask.ca/arts-and-science/german/minor-german.php
https://programs.usask.ca/arts-and-science/german/recognition-german.php
https://programs.usask.ca/arts-and-science/health-studies/ba-honours-health-studies-biology-development-health.php
https://programs.usask.ca/arts-and-science/health-studies/ba-honours-health-studies-individual-society-health.php
https://programs.usask.ca/arts-and-science/health-studies/ba-honours-health-studies-culture-environment-health.php
https://programs.usask.ca/arts-and-science/health-studies/ba-4-health-studies-biology-development-health.php
https://programs.usask.ca/arts-and-science/health-studies/ba-4-health-studies-individual-society-health.php
https://programs.usask.ca/arts-and-science/health-studies/ba-4-health-studies-culture-environment-health.php
https://programs.usask.ca/arts-and-science/history/ba-honours-history.php
https://programs.usask.ca/arts-and-science/history/ba-4-history.php
https://programs.usask.ca/arts-and-science/history/ba-3-history.php
https://programs.usask.ca/arts-and-science/history/ba-double-honours-history-1.php
https://programs.usask.ca/arts-and-science/history/ba-double-honours-history-2.php
https://programs.usask.ca/arts-and-science/history/minor-history.php
https://programs.usask.ca/arts-and-science/indigenous-studies/ba-honours-indigenous-studies.php
https://programs.usask.ca/arts-and-science/indigenous-studies/ba-4-indigenous-studies.php
https://programs.usask.ca/arts-and-science/indigenous-studies/ba-3-indigenous-studies.php
https://programs.usask.ca/arts-and-science/indigenous-studies/ba-double-honours-indigenous-studies-1.php
https://programs.usask.ca/arts-and-science/indigenous-studies/ba-double-honours-indigenous-studies-2.php
https://programs.usask.ca/arts-and-science/indigenous-studies/minor-indigenous-studies.php
https://programs.usask.ca/arts-and-science/interactive-systems-design/basc-4-interactive-systems-design.php
https://programs.usask.ca/arts-and-science/interactive-systems-design/professional-internship-option-interactive-systems-design.php
https://programs.usask.ca/arts-and-science/international-studies/ba-honours-international-studies.php
https://programs.usask.ca/arts-and-science/international-studies/ba-4-international-studies.php
https://programs.usask.ca/arts-and-science/linguistics/ba-honours-linguistics.php
https://programs.usask.ca/arts-and-science/linguistics/ba-4-linguistics-general-and-applied-linguistics-stream.php
https://programs.usask.ca/arts-and-science/linguistics/ba-4-linguistics-language-and-speech-sciences-stream.php
https://programs.usask.ca/arts-and-science/linguistics/ba-3-linguistics.php
https://programs.usask.ca/arts-and-science/mathematical-physics/bachelor-of-science-honours-bsc-honours-mathematical-physics.php
https://programs.usask.ca/arts-and-science/mathematics/bsc-honours-math.php
https://programs.usask.ca/arts-and-science/mathematics/bsc-4-math.php
https://programs.usask.ca/arts-and-science/mathematics/bsc-3-math.php
https://programs.usask.ca/arts-and-science/mathematics/bsc-dbl-honours-math-major1.php
https://programs.usask.ca/arts-and-science/mathematics/dbl-honours-math-major2.php
https://programs.usask.ca/arts-and-science/mathematics/bsc-dbl-honours-math-stats-majors1-2.php
https://programs.usask.ca/arts-and-science/mathematics/mathematics-minor.php
https://programs.usask.ca/arts-and-science/microbiology-immunology/bsc-honours-micro-immun.php
https://programs.usask.ca/arts-and-science/microbiology-immunology/bsc-4-micro-immun.php
https://programs.usask.ca/arts-and-science/microbiology-immunology/bsc-3-micro-immun.php
https://programs.usask.ca/arts-and-science/microbiology-immunology/bsc-double-honours-micro-immun-and-anat-cell-bio-1-and-2.php
https://programs.usask.ca/arts-and-science/microbiology-immunology/bsc-double-honours-micro-immun-and-biochem-1-and-2.php
https://programs.usask.ca/arts-and-science/modern-languages/ba-4-modern-languages.php
https://programs.usask.ca/arts-and-science/modern-languages/ba-3-modern-languages.php
https://programs.usask.ca/arts-and-science/music/ba-honours-music.php
https://programs.usask.ca/arts-and-science/music/ba-4-music.php
https://programs.usask.ca/arts-and-science/music/ba-3-music.php
https://programs.usask.ca/arts-and-science/music/bmus-individualized.php
https://programs.usask.ca/arts-and-science/music/bmus-honours-performance.php
https://programs.usask.ca/arts-and-science/music/bmus-composition-theory.php
https://programs.usask.ca/arts-and-science/music/bmus-musicology.php
https://programs.usask.ca/arts-and-science/music-education/bmus-mused-hon-early-middle-years.php
https://programs.usask.ca/arts-and-science/music-education/bmus-mused-hon-secondary.php
https://programs.usask.ca/arts-and-science/music-education/bmus-mused-early-middle-years.php
https://programs.usask.ca/arts-and-science/music-education/bmus-mused-secondary.php
https://programs.usask.ca/arts-and-science/palaeobiology/bsc-honours-palaeobiology.php
https://programs.usask.ca/arts-and-science/palaeobiology/bsc-4-palaeobiology.php
https://programs.usask.ca/arts-and-science/philosophy/ba-honours-philosophy.php
https://programs.usask.ca/arts-and-science/philosophy/ba-4-philosophy.php
https://programs.usask.ca/arts-and-science/philosophy/ba-3-philosophy.php
https://programs.usask.ca/arts-and-science/philosophy/ba-double-honours-philosophy-1.php
https://programs.usask.ca/arts-and-science/philosophy/ba-double-honours-philosophy-2.php
https://programs.usask.ca/arts-and-science/philosophy/philosophy-minor.php
https://programs.usask.ca/arts-and-science/philosophy/ba-honours-philosophy-STM.php
https://programs.usask.ca/arts-and-science/philosophy/ba-4-philosophy-STM.php
https://programs.usask.ca/arts-and-science/philosophy/ba-3-philosophy-STM.php
https://programs.usask.ca/arts-and-science/philosophy/ba-double-honours-philosophy-STM-1.php
https://programs.usask.ca/arts-and-science/philosophy/ba-double-honours-philosophy-STM-2.php
https://programs.usask.ca/arts-and-science/physics/bsc-honours-physics.php
https://programs.usask.ca/arts-and-science/physics/bsc-4-physics.php
https://programs.usask.ca/arts-and-science/physics/bsc-3-physics.php
https://programs.usask.ca/arts-and-science/physics/bsc-double-honours-physics-1.php
https://programs.usask.ca/arts-and-science/physics/bsc-double-honours-physics-2.php
https://programs.usask.ca/arts-and-science/physics/bsc-double-honours-physics-biochemistry.php
https://programs.usask.ca/arts-and-science/physics/minor-physics.php
https://programs.usask.ca/arts-and-science/physics/professional-internship-option.php
https://programs.usask.ca/arts-and-science/physiology-and-pharmacology/bsc-honours-physiology-pharmacology.php
https://programs.usask.ca/arts-and-science/physiology-and-pharmacology/bsc-4-physiology-pharmacology.php
https://programs.usask.ca/arts-and-science/physiology-and-pharmacology/bsc-3-physiology-pharmacology.php
https://programs.usask.ca/arts-and-science/political-studies/ba-honours-political-studies.php
https://programs.usask.ca/arts-and-science/political-studies/ba-4-political-studies.php
https://programs.usask.ca/arts-and-science/political-studies/ba-3-political-studies.php
https://programs.usask.ca/arts-and-science/political-studies/ba-double-honours-political-studies-1.php
https://programs.usask.ca/arts-and-science/political-studies/ba-double-honours-political-studies-2.php
https://programs.usask.ca/arts-and-science/political-studies/political-studies-minor.php
https://programs.usask.ca/arts-and-science/psychology/ba-honours-psychology.php
https://programs.usask.ca/arts-and-science/psychology/ba-4-psychology.php
https://programs.usask.ca/arts-and-science/psychology/ba-3-psychology.php
https://programs.usask.ca/arts-and-science/psychology/ba-double-honours-psychology-1.php
https://programs.usask.ca/arts-and-science/psychology/ba-double-honours-psychology-2.php
https://programs.usask.ca/arts-and-science/psychology/bsc-honours-psychology.php
https://programs.usask.ca/arts-and-science/psychology/bsc-4-psychology.php
https://programs.usask.ca/arts-and-science/psychology/bsc-double-honours-psychology-1.php
https://programs.usask.ca/arts-and-science/psychology/ba-double-honours-psychology-2.php
https://programs.usask.ca/arts-and-science/psychology/minor-psychology.php
https://programs.usask.ca/arts-and-science/regional-and-urban-planning/ba-honours-regional-urban-planning.php
https://programs.usask.ca/arts-and-science/regional-and-urban-planning/ba-4-regional-urban-planning.php
https://programs.usask.ca/arts-and-science/religion-culture/ba-honours-religion-culture.php
https://programs.usask.ca/arts-and-science/religion-culture/ba-4-religion-culture.php
https://programs.usask.ca/arts-and-science/religion-culture/ba-3-religion-culture.php
https://programs.usask.ca/arts-and-science/religion-culture/ba-double-honours-religion-culture.php
https://programs.usask.ca/arts-and-science/religion-culture/ba-minor-religion-culture.php
https://programs.usask.ca/arts-and-science/sociology/ba-honours-sociology.php
https://programs.usask.ca/arts-and-science/sociology/ba-4-sociology.php
https://programs.usask.ca/arts-and-science/sociology/ba-3-sociology.php
https://programs.usask.ca/arts-and-science/sociology/ba-double-honours-sociology-major-1.php
https://programs.usask.ca/arts-and-science/sociology/ba-double-honours-sociology-major-2.php
https://programs.usask.ca/arts-and-science/sociology/ba-honours-soc-ijc.php
https://programs.usask.ca/arts-and-science/sociology/ba-4-soc-ijc.php
https://programs.usask.ca/arts-and-science/sociology/ba-3-soc-ijc.php
https://programs.usask.ca/arts-and-science/sociology/minor-sociology.php
https://programs.usask.ca/arts-and-science/spanish/minor-spanish.php
https://programs.usask.ca/arts-and-science/spanish/recognition-spanish.php
https://programs.usask.ca/arts-and-science/statistics/bsc-honours-statistics.php
https://programs.usask.ca/arts-and-science/statistics/bsc-4-statistics.php
https://programs.usask.ca/arts-and-science/statistics/bsc-double-honours-statistics-1.php
https://programs.usask.ca/arts-and-science/statistics/bsc-double-honours-statistics-2.php
https://programs.usask.ca/arts-and-science/statistics/bsc-double-honours-statistics-mathematics.php
https://programs.usask.ca/arts-and-science/statistics/minor-statistics.php
https://programs.usask.ca/arts-and-science/studio-art/bfa-honours-studio-art.php
https://programs.usask.ca/arts-and-science/studio-art/ba-4-studio-art.php
https://programs.usask.ca/arts-and-science/studio-art/ba-3-studio-art.php
https://programs.usask.ca/arts-and-science/studio-art/ba-double-honours-studio-art-1.php
https://programs.usask.ca/arts-and-science/studio-art/ba-double-honours-studio-art-2.php
https://programs.usask.ca/arts-and-science/studio-art/ba-double-honours-studio-art-art-history.php
https://programs.usask.ca/arts-and-science/studio-art/minor-studio-art.php
https://programs.usask.ca/arts-and-science/toxicology/bsc-honours-toxicology.php
https://programs.usask.ca/arts-and-science/toxicology/bsc-4-toxicology.php
https://programs.usask.ca/arts-and-science/toxicology/minor-toxicology.php
https://programs.usask.ca/arts-and-science/womens-and-gender-studies/ba-honours-womens-gender-studies.php
https://programs.usask.ca/arts-and-science/womens-and-gender-studies/ba-4-womens-gender-studies.php
https://programs.usask.ca/arts-and-science/womens-and-gender-studies/ba-3-womens-gender-studies.php
https://programs.usask.ca/arts-and-science/womens-and-gender-studies/ba-double-honours-womens-gender-studies-1.php
https://programs.usask.ca/arts-and-science/womens-and-gender-studies/ba-double-honours-womens-gender-studies-2.php
https://programs.usask.ca/arts-and-science/womens-and-gender-studies/minor-womens-gender-studies.php
